Your family is  muslim please answer me,spam
food is a toy for you you can't play with food,spam
Prime l swear no one has talked about it in like 3 months,spam
Can u please do the 100 layer makeup challenge??? â¤â¤,spam
Women typically want a guy that is manly and when I say manly I mean country construction worker manly although that is not all women but you should ask someone out not wait around then youâ€™ll miss an opportunity you never knew you had,spam
me either,spam
Can anyone tell MWe what happen to peyton,spam
Is it a stone?,spam
Do you bleach your knots?,spam
Ryujin really said: â€œam i a joke to you ğŸ¤¨?â€,spam
My math teacher is Indian but im not tryna be racist but I canâ€™t understand what heâ€™s talking Abt ğŸ˜­ğŸ™,spam
Freaky bubble gum and scarey bananas!,spam
I hope itâ€™s not long before Bri can take  her babies back home. Hope the weather is getting better,spam
Talula apripera,spam
I dare you to go out like that,spam
ğŸ¯ğŸ¯ğŸ¯ğŸ¯ğŸ¯,spam
AFRICAğŸ¤ğŸ¤ğŸ¤ğŸ¤ğŸ¤ğŸ¤,spam
ğŸ‘ğŸ¼ğŸ‘ğŸ¼ğŸ‘ğŸ¼ğŸ‘ğŸ¼ğŸ‘ğŸ¼ğŸ‘ğŸ¼ğŸ‘ğŸ¼,spam
HiiğŸ–ğŸ–â¤â¤,spam
nah the song ğŸ’€,spam
ğŸ« ğŸ˜’ğŸ˜¶,spam
ğŸ˜‚ğŸ˜‚ğŸ˜‚ğŸ˜‚,spam
7 hours ?!?!,spam
Looking like parvathy,spam
Thanks but I donâ€™t want to grow hair â¤,spam
So guys be Carefull before u choose a girlğŸ˜†,spam
"Great topic, that's right if you have not boundaries you putting yourself in position to be treat from others as a door mat ... Value yourself and say clear no if something doesn't work for you ğŸ‘",spam
"Your mom  ainâ€™t no 50 she looks so young Korean skincare can change you a lot !â¤
Your a beautiful person ğŸ˜ğŸ˜ğŸ˜ğŸ˜ğŸ˜ğŸ˜â¤ï¸â¤ï¸ğŸ˜â¤ï¸â¤ï¸ğŸ˜â¤ï¸â¤ï¸ğŸ˜â¤ï¸ğŸ˜ my nick namee is Emmy twoâ¤",spam
ğŸ˜°ğŸ˜°ğŸ˜°ğŸ˜°ğŸ˜°ğŸ˜°ğŸ˜°,spam
100000000/100000000â¤â¤â¤â¤â¤â¤â¤â¤â¤â¤â¤â¤â¤â¤ğŸ˜ŠğŸ˜ŠğŸ˜ŠğŸ˜ŠğŸ˜ŠğŸ˜ŠğŸ˜ŠğŸ˜ŠğŸ˜ŠğŸ˜ŠğŸ˜ŠğŸ˜ŠğŸ˜ŠğŸ˜ŠğŸ˜ŠğŸ˜ŠğŸ˜ŠğŸ˜ŠğŸ˜ŠğŸ˜Š,spam
ğŸ§¡ğŸ§¡ğŸ§¡ğŸ§¡ğŸ§¡ğŸ§¡ğŸ§¡ğŸ’•ğŸ’•ğŸ’•ğŸ’•ğŸ’—ğŸ’–ğŸ§¡ğŸ˜ŠğŸ˜ŠğŸ˜Š,spam
ğŸ’œğŸ’œğŸ’œğŸ’œğŸ’œğŸ’œğŸ’œğŸ’œğŸ’œğŸ’œğŸ’œğŸ’œğŸ’œğŸ’œ,spam
IndianğŸŒ¹ğŸŒ¹ğŸŒ¹ğŸ’ğŸ’ğŸ’ğŸ’•ğŸ’•ğŸ’•ğŸ’•ğŸ’•ğŸ˜ŠğŸ˜Š,spam
ğŸ˜‹ğŸ˜‹ğŸ˜‹ğŸ˜‹ğŸ˜‹ğŸ˜‹ğŸ˜‹ğŸ˜ğŸ˜ğŸ˜ğŸ˜‚ğŸ˜‚ğŸ˜‚ğŸ˜‚ğŸ˜‚ğŸ˜‚ğŸ˜‚ğŸ˜ğŸ˜ğŸ˜ğŸ˜,spam
ğŸ½ pig jesa muh kyo banate hai log kya kya shock hote hai logo koğŸ˜‚ğŸ˜‚,spam
